{
  "EPSON_EB_2265U" :
  {
    "Settings" :
    {
      "WaitTimeInMS" : "30000"
    },

    "Inq" :
    {
      "Pwr"    : {"Cmd" : "50~57~52~3F~0D", "AckOn" : "30~31~0D~3A", "AckOff" : "30~30~0D~3A", "AckWarmUp" : "30~32~0D~3A", "AckStandBy" : "30~34~0D~3A"},
      "Source" : {"Cmd" : "53~4F~55~52~43~45~3F~0D", "HDMI1" : "4F~4E~0D~3A", "HDMI2" : "4F~46~46~0D~3A", "VGA1" : "4F~4E~0D~3A", "VGA2" : "4F~46~46~0D~3A"},
      "Mute"   : {"Cmd" : "4D~55~54~45~3F~0D", "AckMute" : "4F~4E~0D~3A", "AckUnMute" : "4F~46~46~0D~3A"}
    },
    "Ctr" :
    {
      "PwrOn"      : {"Cmd" : "50~57~52~20~4F~4E~0D", "Ack" : "3A"},
      "PwrOff"     : {"Cmd" : "50~57~52~20~4F~46~46~0D", "Ack" : "3A"},
      "SrcHDMI1"   : {"Cmd" : "53~4F~55~52~43~45~20~33~30~0D", "Ack" : "3A"},
      "SrcHDMI2"   : {"Cmd" : "53~4F~55~52~43~45~20~41~30~0D", "Ack" : "3A"},
      "SrcVGA1"    : {"Cmd" : "53~4F~55~52~43~45~20~31~31~0D", "Ack" : "3A"},
      "SrcVGA2"    : {"Cmd" : "53~4F~55~52~43~45~20~32~31~0D", "Ack" : "3A"},      
      "Mute"       : {"Cmd" : "4D~55~54~45~20~4F~4E~0D", "Ack" : "3A"},
      "UnMute"     : {"Cmd" : "4D~55~54~45~20~4F~46~46~0D", "Ack" : "3A"},
      "ZoomIn"     : {"Cmd" : "5A~4F~4F~4D~20~49~4E~43~0D", "Ack" : "3A"},
      "ZoomOut"    : {"Cmd" : "5A~4F~4F~4D~20~44~45~43~0D", "Ack" : "3A"},
      "Menu"       : {"Cmd" : "4B~45~59~20~30~33~0D", "Ack" : "3A"},
      "Exit"       : {"Cmd" : "4B~45~59~20~30~35~0D", "Ack" : "3A"},
      "CursorUp"   : {"Cmd" : "4B~45~59~20~33~35~0D", "Ack" : "3A"},
      "CursorDown" : {"Cmd" : "4B~45~59~20~33~36~0D", "Ack" : "3A"},
      "CursorRight": {"Cmd" : "4B~45~59~20~33~38~0D", "Ack" : "3A"},
      "CursorLeft" : {"Cmd" : "4B~45~59~20~33~37~0D", "Ack" : "3A"},
      "Ok"         : {"Cmd" : "4B~45~59~20~31~36~0D", "Ack" : "3A"}
    }
  },

  "OPTOMA_ES_550S" :
  {
    "Settings" :
    {
      "WaitTimeInMS" : "30000"
    },

    "Inq" :
    {
      "Pwr"    : {"Cmd" : "7E~30~30~31~32~34~20~31~0D", "AckOn" : "4F~6B~31~0D", "AckOff" : "4F~6B~30~0D", "AckWarmUp" : "49~4E~46~4F~31", "AckStandBy" : "49~4E~46~4F~30~0D"},
      "Source" : {"Cmd" : "7E~30~30~31~32~31~20~31~0D", "HDMI1" : "46~0D", "HDMI2" : "46~0D", "VGA1" : "4F~6B~31~0D", "VGA2" : "4F~6B~32~0D"},
      "Mute"   : {"Cmd" : "", "AckMute" : "4F~4E~0D~3A", "AckUnMute" : "4F~46~46~0D~3A"}
    },
    "Ctr" :
    {
      "PwrOn"      : {"Cmd" : "7E~30~30~30~30~20~31~0D", "Ack" : "50"},
      "PwrOff"     : {"Cmd" : "7E~30~30~30~30~20~32~0D", "Ack" : "50~0D"},
      "SrcHDMI1"   : {"Cmd" : "", "Ack" : "50~0D"},
      "SrcHDMI2"   : {"Cmd" : "", "Ack" : "50~0D"},
      "SrcVGA1"    : {"Cmd" : "7E~30~30~31~34~30~20~32~36~0D", "Ack" : "50~0D"},
      "SrcVGA2"    : {"Cmd" : "7E~30~30~31~34~30~20~32~37~0D", "Ack" : "50~0D"},      
      "Mute"       : {"Cmd" : "7E~30~30~30~32~20~31~0D", "Ack" : "50~0D"},
      "UnMute"     : {"Cmd" : "7E~30~30~30~32~20~32~0D", "Ack" : "50~0D"},
      "ZoomIn"     : {"Cmd" : "", "Ack" : "50~0D"},
      "ZoomOut"    : {"Cmd" : "", "Ack" : "50~0D"},
      "Menu"       : {"Cmd" : "7E~30~30~31~34~30~20~32~30~0D", "Ack" : "50~0D"},
      "Exit"       : {"Cmd" : "", "Ack" : "50~0D"},
      "CursorUp"   : {"Cmd" : "7E~30~30~31~34~30~20~31~30~0D", "Ack" : "50~0D"},
      "CursorDown" : {"Cmd" : "7E~30~30~31~34~30~20~31~34~0D", "Ack" : "50~0D"},
      "CursorRight": {"Cmd" : "7E~30~30~31~34~30~20~31~33~0D", "Ack" : "50~0D"},
      "CursorLeft" : {"Cmd" : "7E~30~30~31~34~30~20~31~31~0D", "Ack" : "50~0D"},
      "Ok"         : {"Cmd" : "7E~30~30~31~34~30~20~31~32~0D", "Ack" : "50~0D"}
    }
  },

  "Sony_VPL_EX450" :
  {
    "Settings" :
    {
      "WaitTimeInMS" : "30000"
    },

    "Inq" :
    {
      "Pwr"    : {"Cmd" : "", "AckOn" : "", "AckOff" : "", "AckWarmUp" : "", "AckStandBy" : ""},
      "Source" : {"Cmd" : "", "HDMI1" : "", "HDMI2" : "", "VGA1" : "", "VGA2" : ""},
      "Mute"   : {"Cmd" : "", "AckMute" : "", "AckUnMute" : ""}
    },
    "Ctr" :
    {
      "PwrOn"      : {"Cmd" : "A9~17~2E~00~00~00~3F~9A", "Ack" : ""},
      "PwrOff"     : {"Cmd" : "A9~17~2F~00~00~00~3F~9A", "Ack" : ""},
      "SrcHDMI1"   : {"Cmd" : "A9~00~01~00~00~04~05~9A", "Ack" : ""},
      "SrcHDMI2"   : {"Cmd" : "A9~00~01~00~00~05~05~9A", "Ack" : ""},
      "SrcVGA1"    : {"Cmd" : "A9~00~01~00~00~02~03~9A", "Ack" : ""},
      "SrcVGA2"    : {"Cmd" : "A9~17~2C~00~00~00~3F~9A", "Ack" : ""},      
      "Mute"       : {"Cmd" : "A9~00~30~00~00~01~31~9A", "Ack" : ""},
      "UnMute"     : {"Cmd" : "A9~00~30~00~00~00~30~9A", "Ack" : ""},
      "ZoomIn"     : {"Cmd" : "", "Ack" : ""},
      "ZoomOut"    : {"Cmd" : "", "Ack" : ""},
      "Menu"       : {"Cmd" : "", "Ack" : ""},
      "Exit"       : {"Cmd" : "", "Ack" : ""},
      "CursorUp"   : {"Cmd" : "", "Ack" : ""},
      "CursorDown" : {"Cmd" : "", "Ack" : ""},
      "CursorRight": {"Cmd" : "", "Ack" : ""},
      "CursorLeft" : {"Cmd" : "", "Ack" : ""},
      "Ok"         : {"Cmd" : "", "Ack" : ""}
    }
  },
  "PANS_PT_LX300" :
  {
    "Settings" :
    {
      "WaitTimeInMS" : "30000"
    },

    "Inq" :
    {
      "Pwr"     : {"Cmd" : "02~51~50~57~03", "AckOn" : "02~30~30~31~03", "AckOff" : "02~30~30~30~03"},
      "Source"  : {"Cmd" : "02~51~24~53~03", "HDMI1" : "02~30~03", "HDMI2" : "02~31~03", "VGA1" : "02~32~03", "VGA2" : "02~33~03"},
      "Mute"    : {"Cmd" : "02~51~50~57~03", "AckMute" : "02~30~30~31~03", "AckUnMute" : "02~30~30~30~03"}
    },
    
    "Ctr" :
    {
      "PwrOn"      : {"Cmd" : "02~50~4F~4E~03",             "Ack" : "02~50~4F~4E~03"},
      "PwrOff"     : {"Cmd" : "02~50~4F~46~03",             "Ack" : "02~50~4F~46~03"},
      "SrcHDMI1"   : {"Cmd" : "02~49~49~53~3A~48~44~31~03", "Ack" : "02~49~49~53~3A~48~44~31~03"},
      "SrcHDMI2"   : {"Cmd" : "02~49~49~53~3A~48~44~31~03", "Ack" : "02~49~49~53~3A~48~44~31~03"},
      "SrcVGA1"    : {"Cmd" : "02~49~49~53~3A~52~47~03",    "Ack" : "02~49~49~53~3A~52~47~03"},
      "SrcVGA2"    : {"Cmd" : "02~49~49~53~3A~52~47~03",    "Ack" : "02~49~49~53~3A~52~47~03"},
      "Mute"       : {"Cmd" : "02~4F~53~48~3A~31~03",       "Ack" : "02~4F~53~48~3A~31~03"},
      "UnMute"     : {"Cmd" : "02~4F~53~48~3A~30~03",       "Ack" : "02~4F~53~48~3A~30~03"},
      "ZoomIn"     : {"Cmd" : "02~44~5A~55~03",             "Ack" : "02~44~5A~55~03"},
      "ZoomOut"    : {"Cmd" : "02~44~5A~44~3A~31~03",       "Ack" : "02~44~5A~44~3A~31~03"},
      "Menu"       : {"Cmd" : "02~4F~4D~4E~03",             "Ack" : "02~4F~4D~4E~03"},
      "Exit"       : {"Cmd" : "02~4F~4D~4E~03", "Ack" : "02~4F~4D~4E~03"},
      "CursorUp"   : {"Cmd" : "02~4F~43~55~03", "Ack" : "02~4F~43~55~03"},
      "CursorDown" : {"Cmd" : "02~4F~43~44~03", "Ack" : "02~4F~43~44~03"},
      "CursorRight": {"Cmd" : "02~4F~43~52~03", "Ack" : "02~4F~43~52~03"},
      "CursorLeft" : {"Cmd" : "02~4F~43~4C~03", "Ack" : "02~4F~43~4C~03"},
      "Ok"         : {"Cmd" : "02~4F~43~55~03", "Ack" : "02~4F~43~55~03"}
    }
  },
  "BENQ_MW855" :
  {
    "Settings" :
    {
      "WaitTimeInMS" : "30000"
    },

    "Inq" :
    {
      "Pwr"     : {"Cmd" : "2A~70~6F~77~3D~3F~23", "AckOn" : "2A~50~4F~57~3D~4F~4E~23", "AckOff" : "2A~50~57~3D~4F~46~46~23"},
      "Source"  : {"Cmd" : "2A~73~6F~75~72~3D~3F~23", "HDMI1" : "2A~73~6F~75~72~3D~3F~23", "HDMI2" : "2A~73~6F~75~72~3D~3F~23", "VGA1" : "2A~73~6F~75~72~3D~3F~23", "VGA2" : "2A~73~6F~75~72~3D~3F~23"},
      "Mute"    : {"Cmd" : "2A~6D~75~74~65~3D~3F~23", "AckMute" : "2A~6D~75~74~65~3D~3F~23", "AckUnMute" : "2A~6D~75~74~65~3D~3F~23"}
    },
    
    "Ctr" :
    {
      "PwrOn"      : {"Cmd" : "2A~70~6F~77~3D~6F~6E~23~0D",             "Ack" : "2A~50~4F~57~3D~4F~4E~23"},
      "PwrOff"     : {"Cmd" : "2A~70~6F~77~3D~6F~66~66~23~0D",             "Ack" : "2A~50~4F~57~3D~4F~46~46~23"},
      "SrcHDMI1"   : {"Cmd" : "2A~73~6F~75~72~3D~68~64~6D~69~23", "Ack" : "2A~73~6F~75~72~3D~68~64~6D~69~23"},
      "SrcHDMI2"   : {"Cmd" : "2A~73~6F~75~72~3D~68~64~6D~69~32~23", "Ack" : "2A~73~6F~75~72~3D~68~64~6D~69~32~23"},
      "SrcVGA1"    : {"Cmd" : "2A~73~6F~75~72~3D~52~47~42~23",    "Ack" : "2A~73~6F~75~72~3D~52~47~42~23"},
      "SrcVGA2"    : {"Cmd" : "2A~73~6F~75~72~3D~76~69~64~23",    "Ack" : "2A~73~6F~75~72~3D~76~69~64~23"},
      "Mute"       : {"Cmd" : "2A~6D~75~74~65~3D~6F~6E~23",       "Ack" : "2A~6D~75~74~65~3D~6F~6E~23"},
      "UnMute"     : {"Cmd" : "2A~6D~75~74~65~3D~6F~66~66~23",       "Ack" : "2A~6D~75~74~65~3D~6F~66~66~23"},
      "ZoomIn"     : {"Cmd" : "2A~7A~6F~6F~6D~49~23",             "Ack" : "2A~7A~6F~6F~6D~49~23"},
      "ZoomOut"    : {"Cmd" : "2A~7A~6F~6F~6D~4F~23",       "Ack" : "2A~7A~6F~6F~6D~4F~23"},
      "Menu"       : {"Cmd" : "2A~6D~65~6E~75~3D~6F~6E~23",             "Ack" : "2A~6D~65~6E~75~3D~6F~6E~23"},
      "Exit"       : {"Cmd" : "2A~6D~65~6E~75~3D~6F~66~66~23", "Ack" : "2A~6D~65~6E~75~3D~6F~66~66~23"},
      "CursorUp"   : {"Cmd" : "2A~75~70~23", "Ack" : "2A~75~70~23"},
      "CursorDown" : {"Cmd" : "2A~64~6F~77~6E~23", "Ack" : "2A~64~6F~77~6E~23"},
      "CursorRight": {"Cmd" : "2A~72~69~67~68~74~23", "Ack" : "2A~72~69~67~68~74~23"},
      "CursorLeft" : {"Cmd" : "2A~6C~65~66~74~23", "Ack" : "2A~6C~65~66~74~23"},
      "Ok"         : {"Cmd" : "0D~2A~65~6E~74~65~72~23", "Ack" : "2A~65~6E~74~65~72~23"}
    }
  }
}
