{
  "KRM_VS_42UHD" :
  {
    "Settings":
    {
      "InQty":"4", "OutQty":"2", "CustomName":["Display - 1", "Display - 2"]
    },

    "Inq" :
    {
      "OutSrc" :
      [
        {
          "Cmd":"23~56~49~44~3F~20~31~0D",
          "Ack":["7E~30~31~40~56~49~44~20~31~3E~31~0D", "7E~30~31~40~56~49~44~20~32~3E~31~0D", "7E~30~31~40~56~49~44~20~33~3E~31~0D", "7E~30~31~40~56~49~44~20~34~3E~31~0D"]
        },
        {
          "Cmd":"23~56~49~44~3F~20~32~0D",
          "Ack":["7E~30~31~40~56~49~44~20~31~3E~32~0D", "7E~30~31~40~56~49~44~20~32~3E~32~0D", "7E~30~31~40~56~49~44~20~33~3E~32~0D", "7E~30~31~40~56~49~44~20~34~3E~32~0D"]
        }
      ],

      "OutMute" :
      [
        {
          "Cmd"       : "23~56~4D~55~54~45~3F~20~31~0D",
          "AckMute"   : "7E~30~31~40~56~4D~55~54~45~20~31~2C~31~0D",
          "AckUnMute" : "7E~30~31~40~56~4D~55~54~45~20~31~2C~30~0D"
        },
        {
          "Cmd"       : "23~56~4D~55~54~45~3F~20~32~0D",
          "AckMute"   : "7E~30~31~40~56~4D~55~54~45~20~32~2C~31~0D",
          "AckUnMute" : "7E~30~31~40~56~4D~55~54~45~20~32~2C~30~0D"
        }
      ]
    },

    "Ctr" :
    {
      "Out" : 
      [
        {
          "ToIn":
          [
            {"Cmd":"23~56~49~44~20~31~3E~31~0D","Ack":"7E~30~31~40~56~49~44~20~31~3E~31~0D"},
            {"Cmd":"23~56~49~44~20~32~3E~31~0D","Ack":"7E~30~31~40~56~49~44~20~32~3E~31~0D"},
            {"Cmd":"23~56~49~44~20~33~3E~31~0D","Ack":"7E~30~31~40~56~49~44~20~33~3E~31~0D"},
            {"Cmd":"23~56~49~44~20~34~3E~31~0D","Ack":"7E~30~31~40~56~49~44~20~34~3E~31~0D"}
          ],
          "Mute"  : {"Cmd":"23~56~4D~55~54~45~20~31~2C~31~0D","Ack":"7E~30~31~40~56~4D~55~54~45~20~31~2C~31~0D"},
          "UnMute": {"Cmd":"23~56~4D~55~54~45~20~31~2C~30~0D","Ack":"7E~30~31~40~56~4D~55~54~45~20~31~2C~30~0D"}
        },
        {
          "ToIn":
          [
            {"Cmd":"23~56~49~44~20~31~3E~32~0D","Ack":"7E~30~31~40~56~49~44~20~31~3E~32~0D"},
            {"Cmd":"23~56~49~44~20~32~3E~32~0D","Ack":"7E~30~31~40~56~49~44~20~32~3E~32~0D"},
            {"Cmd":"23~56~49~44~20~33~3E~32~0D","Ack":"7E~30~31~40~56~49~44~20~33~3E~32~0D"},
            {"Cmd":"23~56~49~44~20~34~3E~32~0D","Ack":"7E~30~31~40~56~49~44~20~34~3E~32~0D"}
          ],
          "Mute"  : {"Cmd":"23~56~4D~55~54~45~20~32~2C~31~0D","Ack":"7E~30~31~40~56~4D~55~54~45~20~32~2C~31~0D"},
          "UnMute": {"Cmd":"23~56~4D~55~54~45~20~32~2C~30~0D","Ack":"7E~30~31~40~56~4D~55~54~45~20~32~2C~30~0D"}          
        } 
      ]
    }   
  },

  "MS_ML_402HDMI" :
  {
    "Settings":
    {
      "InQty":"4", "OutQty":"1", "CustomName":["Output Display"]
    },

    "Inq" :
    {
      "OutSrc" :
      [
        {
          "Cmd":"",
          "Ack":["", "", "", ""]
        }
      ],

      "OutMute" :
      [
        {
          "Cmd"       : "",
          "AckMute"   : "",
          "AckUnMute" : ""
        }
      ]
    },

    "Ctr" :
    {
      "Out" : 
      [
        {
          "ToIn":
          [
            {"Cmd":"31~21", "Ack":"31~21"},
            {"Cmd":"32~21", "Ack":"32~21"},
            {"Cmd":"33~21", "Ack":"33~21"},
            {"Cmd":"34~21", "Ack":"34~21"}
          ],
          "Mute"  : {"Cmd":"","Ack":""},
          "UnMute": {"Cmd":"","Ack":""}
        }
      ]
    }   
  },

  "PL_HMS_42FHD" :
  {
    "Settings":
    {
      "InQty":"4", "OutQty":"2", "CustomName":["Display - 1", "Display - 2"]
    },

    "Inq" :
    {
      "OutSrc" :
      [
        {
          "Cmd":"49~4E~51~44~23",
          "Ack":["44~31~53~31", "44~31~53~32", "44~31~53~33", "44~31~53~34"]
        },
        {
          "Cmd":"49~4E~51~44~23",
          "Ack":["44~32~53~31", "44~32~53~32", "44~32~53~33", "44~32~53~34"]
        }
      ],

      "OutMute" :
      [
        {
          "Cmd"       : "",
          "AckMute"   : "",
          "AckUnMute" : ""
        },
        {
          "Cmd"       : "",
          "AckMute"   : "",
          "AckUnMute" : ""
        }
      ]
    },

    "Ctr" :
    {
      "Out" : 
      [
        {
          "ToIn":
          [
            {"Cmd":"44~31~53~31~23", "Ack":"4F~4B"},
            {"Cmd":"44~31~53~32~23", "Ack":"4F~4B"},
            {"Cmd":"44~31~53~33~23", "Ack":"4F~4B"},
            {"Cmd":"44~31~53~34~23", "Ack":"4F~4B"}
          ],
          "Mute"  : {"Cmd":"","Ack":""},
          "UnMute": {"Cmd":"","Ack":""}
        },
        {
          "ToIn":
          [
            {"Cmd":"44~32~53~31~23", "Ack":"4F~4B"},
            {"Cmd":"44~32~53~32~23", "Ack":"4F~4B"},
            {"Cmd":"44~32~53~33~23", "Ack":"4F~4B"},
            {"Cmd":"44~32~53~34~23", "Ack":"4F~4B"}
          ],
          "Mute"  : {"Cmd":"","Ack":""},
          "UnMute": {"Cmd":"","Ack":""}
        }
      ]
    }
  }
}