{
  "PANASONIC_PTLX_NEC" :
  {
    "CmdPwrOnOff"   : "0x11200BC",
    "CmdSrcHDMI"    : "0x1120055",
    "CmdSrcVGA"     : "0x20DFC23D",
    "CmdMute"       : "0x11200EE",
    "CmdZoomIn"     : "0x1120004",
    "CmdZoomOut"    : "0x1120084",
    "CmdMenu"       : "0x112005E",
    "CmdExit"       : "0x1120009",
    "CmdCursorUp"   : "0x112005A",
    "CmdCursorDown" : "0x11200DA",
    "CmdCursorRight": "0x11200BA",
    "CmdCursorLeft" : "0x112003A",
    "CmdOk"         : "0x112004E"
  },

  "SONY_EX450" :
  {
    "CmdPwrOnOff"   : "0x542",
    "CmdSrcHDMI"    : "0x752A",
    "CmdSrcVGA"     : "0x752A",
    "CmdMute"       : "0x142A",
    "CmdZoomIn"     : "0x56B54",
    "CmdZoomOut"    : "0xD6B54",
    "CmdMenu"       : "0x4A2A",
    "CmdExit"       : "0xF6BE4",
    "CmdCursorUp"   : "0x562A",
    "CmdCursorDown" : "0x362A",
    "CmdCursorRight": "0x662A",
    "CmdCursorLeft" : "0x162A",
    "CmdOk"         : "0x2D2A"
  },

  "EPSON_EB_NEC" :
  {
    "CmdPwrOnOff"   : "0xC1AA09F6",
    "CmdSrcHDMI"    : "0xC1AA0EF1",
    "CmdSrcVGA"     : "0xC1AA29D6",
    "CmdMute"       : "0xC1AAC936",
    "CmdZoomIn"     : "0xC1AA11EE",
    "CmdZoomOut"    : "0xC1AA916E",
    "CmdMenu"       : "0xC1AA59A6",
    "CmdExit"       : "0xC1AA21DE",
    "CmdCursorUp"   : "0xC1AA0DF2",
    "CmdCursorDown" : "0xC1AA4DB2",
    "CmdCursorRight": "0xC1AA8D72",
    "CmdCursorLeft" : "0xC1AACD32",
    "CmdOk"         : "0xC1AAA15E"
  },
  
  "BENQ_MW855UST" :
  {
    "CmdPwrOnOff"   : "0x000CF20D",
    "CmdSrcHDMI"    : "0x000C1AE5",
    "CmdSrcVGA"     : "0x000C827D",
    "CmdMute"       : "0x000C28D7",
    "CmdZoomIn"     : "0x000C18E7",
    "CmdZoomOut"    : "0x000C0967",
    "CmdMenu"       : "0x000CF00F",
    "CmdExit"       : "0x000C728D",
    "CmdCursorUp"   : "0x000CD02F",
    "CmdCursorDown" : "0x000C30CF",
    "CmdCursorRight": "0x000C708F",
    "CmdCursorLeft" : "0x000CB04F",
    "CmdOk"         : "0x000C08F7"
  }
}

