{
  "LG_SE3B_NEC" :  
  {
    "CmdPwrOnOff"   : "0x20DF10EF",

    "CmdInput"      : "0x20DFD02F",
    "CmdSettings"   : "0x20DFC23D",
    "CmdExit"       : "0x20DFDA25",
    "CmdMuteUnmute" : "0x20DF906F",

    "CmdVolUp"      : "0x20DF40BF",
    "CmdVolDown"    : "0x20DFC03F",

    "CmdOk"         : "0x20DF22DD",       
    "CmdMovUp"      : "0x20DF02FD",
    "CmdMovDown"    : "0x20DF827D",
    "CmdMovRight"   : "0x20DF609F",
    "CmdMovLeft"    : "0x20DFE01F"
  },

  "SONY_KLV_SONY" :
  {
    "CmdPwrOnOff"   : "0xA90",

    "CmdInput"      : "0xA50",
    "CmdSettings"   : "0x070",
    "CmdExit"       : "0x067",
    "CmdMuteUnmute" : "0x290",

    "CmdVolUp"      : "0x490",
    "CmdVolDown"    : "0xC90",

    "CmdOk"         : "0xA70",
    "CmdMovUp"      : "0x2F0",
    "CmdMovDown"    : "0xAF0",
    "CmdMovRight"   : "0xCD0",
    "CmdMovLeft"    : "0x2D0"
  },

  "EKAA_AIOM_NEC" :
  {
    "CmdPwrOnOff"   : "0xC03F708F",

    "CmdInput"      : "0xC03FD02F",
    "CmdSettings"   : "0xC03F649B",
    "CmdExit"       : "0xC03F14EB",
    "CmdMuteUnmute" : "0xC03F04FB",

    "CmdVolUp"      : "0xC03FF807",
    "CmdVolDown"    : "0xC03FC43B",

    "CmdOk"         : "0xC03F54AB",
    "CmdMovUp"      : "0xC03FE41B",
    "CmdMovDown"    : "0xC03F50AF",
    "CmdMovRight"   : "0xC03F946B",
    "CmdMovLeft"    : "0xC03F44BB"
  },

  "PANASONIC_NEC" :
  {
    "CmdPwrOnOff"   : "0xF61E2A57",

    "CmdInput"      : "0x1DA66E1F",
    "CmdSettings"   : "0x1AD1ED61",
    "CmdExit"       : "0xABBE1086",
    "CmdMuteUnmute" : "0x1A1D38BF",

    "CmdVolUp"      : "0x0BE3BB37",
    "CmdVolDown"    : "0xD4D9F2A7",

    "CmdOk"         : "0xBB0ED9E1",
    "CmdMovUp"      : "0xC20370A1",
    "CmdMovDown"    : "0x81930A09",
    "CmdMovRight"   : "0x21035431",
    "CmdMovLeft"    : "0x983AB4C1"
  },

  "SAMSUNG_DB_SAMSUNG" :
  {
    "CmdPwrOnOff"   : "0xE0E019E6",

    "CmdInput"      : "0xE0E0807F",
    "CmdSettings"   : "0xE0E058A7",
    "CmdExit"       : "0xE0E0B44B",
    "CmdMuteUnmute" : "0xE0E0F00F",

    "CmdVolUp"      : "0xE0E0E01F",
    "CmdVolDown"    : "0xE0E0D02F",

    "CmdOk"         : "0xE0E016E9",       
    "CmdMovUp"      : "0xE0E006F9",
    "CmdMovDown"    : "0xE0E08679",
    "CmdMovRight"   : "0xE0E046B9",
    "CmdMovLeft"    : "0xE0E0A659"
  }
}

