{   
  "LG_SE3B_SE3KB_SL5B" :
  {
    "Inq" :  
    {
    	"Pwr" : 
  			{"Cmd":"6B~61~20~31~20~46~46~0D", "Ack":"4F~4B~30~31"},
     	"MuteUnmute" : 
  			{"Cmd":"6B~65~20~31~20~46~46~0D", "Ack":"4F~4B~30~31"}
   	},
   	
   	"Ctr" :  
    {
      "CmdPwrOff"   : "6B~61~20~31~20~30~30~0D",
      "CmdPwrOn"   	: "6B~61~20~31~20~30~31~0D",

      "CmdInput"    : "6D~63~20~31~20~30~42~0D",
  		"CmdSelect"   : "6D~63~20~31~20~34~33~0D",
  		"CmdExit"   	: "6D~63~20~31~20~35~42~0D",
  		"CmdMute"     : "6B~65~20~31~20~30~30~0D",
      "CmdUnMute"   : "6B~65~20~31~20~30~31~0D",

      "CmdVolUp"    : "6D~63~20~31~20~30~32~0D",
      "CmdVolDown"  : "6D~63~20~31~20~30~33~0D",

      "CmdOk"       : "6D~63~20~31~20~34~34~0D",				
      "CmdMovUp"    : "6D~63~20~31~20~34~30~0D",
      "CmdMovDown"  : "6D~63~20~31~20~34~31~0D",
      "CmdMovRight" : "6D~63~20~31~20~30~36~0D",
      "CmdMovLeft"  : "6D~63~20~31~20~30~37~0D",

      "AckOK"	: "4F~4B",
      "AckNG"	: "4E~47"
    }
  },

  "SAMSUNG_DB43J" :
  {
    "Inq" :  
    {
      "Pwr" : 
        {"Cmd":"AA~11~FE~00~0F", "Ack": "AA~FF~00~03~01~11~01~15"},
      "MuteUnmute" : 
        {"Cmd":"AA~13~FE~00~11", "Ack": "AA~FF~00~03~01~13~00~16"}
    },

    "Ctr" :  
    {
      "CmdPwrOff"   : "AA~11~FE~01~00~10",
      "CmdPwrOn"    : "AA~11~FE~01~01~11",

      "CmdInput"    : "AA~14~FE~01~21~34",
      "CmdSelect"   : "AA~34~FE~01~00~33",
      "CmdExit"     : "AA~B2~FE~0A~01~00~40~09~04",
      "CmdMute"     : "AA~13~FE~01~01~13",
      "CmdUnMute"   : "AA~13~FE~01~00~12",

      "CmdVolUp"    : "AA~62~FE~01~00~61",
      "CmdVolDown"  : "AA~62~FE~01~01~62",

      "CmdOk"       : "AA~C1~FE~01~16~D6",        
      "CmdMovUp"    : "AA~C1~FE~01~06~C6",
      "CmdMovDown"  : "AA~C1~FE~01~86~46",
      "CmdMovRight" : "AA~C1~FE~01~46~06",
      "CmdMovLeft"  : "AA~C1~FE~01~46~06",

      "AckOK" : "AA~FF~00~03~01",
      "AckNG" : "AA~FF~00~03~00"
    }
  }
}
